INSERT INTO member (id, email, password) VALUES (1, 'test@gmail.com', '$2a$10$C6ZeggiMmEY6NxDUpc1/cuPTGLqCAzNDgqM7T7VDtQc.72re7Ji0y');

INSERT INTO barrier_free_map (id, name, description, status, created_date, updated_date, uuid, lat, lng, owner_id) VALUES (1, '테스트 맵', '기본 맵 설명입니다.', 'DEPLOYING','2025-06-01 07:07:24', '2025-06-01 07:07:24', '6c5031ba-01a7-466f-90e8-cba7ba6cb3ce', 37.29781, 126.835358, 1);
INSERT INTO building (id, name, number, lat, lng, map_id, wheel, toilet, elevator, dots, floorplan, caution) VALUES (1, '아고라 홍보관', '100', 37.3003040337446, 126.83727801591303, 1, TRUE, TRUE, FALSE, FALSE, FALSE, '화장실이 지하에 있으며, 계단 이용만 가능합니다.');
INSERT INTO building (id, name, number, lat, lng, map_id, wheel, toilet, elevator, dots, floorplan, caution) VALUES (2, '본관', '101', 37.29902786948328, 126.83318092474559, 1, TRUE, TRUE, TRUE, TRUE, TRUE, '');
INSERT INTO building (id, name, number, lat, lng, map_id, wheel, toilet, elevator, dots, floorplan, caution) VALUES (3, '학생복지관', '102', 37.29801823353328, 126.83444636212754, 1, TRUE, FALSE, TRUE, FALSE, TRUE, '경사로가 있는 곳이 건물의 2층입니다.');
INSERT INTO building (id, name, number, lat, lng, map_id, wheel, toilet, elevator, dots, floorplan, caution) VALUES (4, '학생회관', '103', 37.297496146398146, 126.83481405961977, 1, TRUE, FALSE, FALSE, FALSE, TRUE, '휠체어 이용 시 1층 이용만 가능합니다.');
INSERT INTO building (id, name, number, lat, lng, map_id, wheel, toilet, elevator, dots, floorplan, caution) VALUES (5, '건축디자인관', '105', 37.297013463533645, 126.83276243000171, 1, TRUE, FALSE, FALSE, FALSE, FALSE, '제2공학관을 통해 휠체어 진입이 가능합니다.');
INSERT INTO building (id, name, number, lat, lng, map_id, wheel, toilet, elevator, dots, floorplan, caution) VALUES (6, '디자인문화관', '109', 37.29684064414487, 126.83161804854504, 1, TRUE, TRUE, FALSE, TRUE, TRUE, '');
INSERT INTO building (id, name, number, lat, lng, map_id, wheel, toilet, elevator, dots, floorplan, caution) VALUES (7, '디자인교육관', '110', 37.297029355162685, 126.8312623554136, 1, TRUE, TRUE, TRUE, TRUE, TRUE, '');
INSERT INTO building (id, name, number, lat, lng, map_id, wheel, toilet, elevator, dots, floorplan, caution) VALUES (8, '디자인연구관', '111', 37.29738189703901, 126.83206234456621, 1, TRUE, TRUE, FALSE, FALSE, TRUE, '3층은 교육관 통로를 통해 이용이 가능합니다.');
INSERT INTO building (id, name, number, lat, lng, map_id, wheel, toilet, elevator, dots, floorplan, caution) VALUES (9, '경상관', '201', 37.299876497421025, 126.835976221991, 1, TRUE, TRUE, TRUE, FALSE, TRUE, '화장실 입구가 협소합니다.');
INSERT INTO building (id, name, number, lat, lng, map_id, wheel, toilet, elevator, dots, floorplan, caution) VALUES (10, '국제문화관', '202', 37.29958034372007, 126.83520990172566, 1, TRUE, TRUE, TRUE, FALSE, TRUE, '');
INSERT INTO building (id, name, number, lat, lng, map_id, wheel, toilet, elevator, dots, floorplan, caution) VALUES (11, '사회교육관/학군단', '203', 37.2999756726293, 126.83440259558338, 1, TRUE, FALSE, FALSE, FALSE, TRUE, '이용에 불편함이 있습니다.');
INSERT INTO building (id, name, number, lat, lng, map_id, wheel, toilet, elevator, dots, floorplan, caution) VALUES (12, '언론정보관', '204', 37.30035053442978, 126.83507005376936, 1, TRUE, TRUE, TRUE, FALSE, TRUE, '');
INSERT INTO building (id, name, number, lat, lng, map_id, wheel, toilet, elevator, dots, floorplan, caution) VALUES (13, '제1과학기술관', '205', 37.29884259713409, 126.83600384433757, 1, TRUE, TRUE, TRUE, FALSE, TRUE, '1층에 장애인 화장실이 있으며, 입구가 협소합니다.');
INSERT INTO building (id, name, number, lat, lng, map_id, wheel, toilet, elevator, dots, floorplan, caution) VALUES (14, '컨퍼런스홀', '206', 37.29908027576492, 126.83684077910677, 1, TRUE, TRUE, TRUE, FALSE, TRUE, '복지관 방향 출입문으로만 휠체어 진입이 가능합니다.');
INSERT INTO building (id, name, number, lat, lng, map_id, wheel, toilet, elevator, dots, floorplan, caution) VALUES (15, '제2과학기술관', '207', 37.29869117284439, 126.83727303141559, 1, TRUE, FALSE, TRUE, FALSE, TRUE, '');
INSERT INTO building (id, name, number, lat, lng, map_id, wheel, toilet, elevator, dots, floorplan, caution) VALUES (16, 'HY-IPT 맞춤의약연구원', '208', 37.298529917465736, 126.83631468790092, 1, TRUE, TRUE, TRUE, TRUE, TRUE, '');
INSERT INTO building (id, name, number, lat, lng, map_id, wheel, toilet, elevator, dots, floorplan, caution) VALUES (17, '제1학술관', '209', 37.29829501621543, 126.83585841032942, 1, TRUE, TRUE, FALSE, FALSE, TRUE, '휠체어 이용 시 2층 이용만 가능합니다.');
INSERT INTO building (id, name, number, lat, lng, map_id, wheel, toilet, elevator, dots, floorplan, caution) VALUES (18, '제1공학관', '301', 37.297706968333955, 126.83740203582373, 1, TRUE, TRUE, TRUE, TRUE, TRUE, '');
INSERT INTO building (id, name, number, lat, lng, map_id, wheel, toilet, elevator, dots, floorplan, caution) VALUES (19, '제2공학관', '104', 37.297178260403186, 126.83301583172646, 1, TRUE, TRUE, TRUE, TRUE, FALSE, '');
INSERT INTO building (id, name, number, lat, lng, map_id, wheel, toilet, elevator, dots, floorplan, caution) VALUES (20, '제3공학관', '303', 37.29752991474457, 126.83642118158264, 1, TRUE, FALSE, FALSE, TRUE, TRUE, '제1공학관(3-4층) 또는 제4공학관(전층)의 연결통로로 이용이 가능합니다.');
INSERT INTO building (id, name, number, lat, lng, map_id, wheel, toilet, elevator, dots, floorplan, caution) VALUES (21, '제4공학관', '304', 37.296759445412775, 126.8363608185112, 1, TRUE, FALSE, TRUE, TRUE, TRUE, '');
INSERT INTO building (id, name, number, lat, lng, map_id, wheel, toilet, elevator, dots, floorplan, caution) VALUES (22, '제5공학관', '305', 37.296733503306996, 126.83715036609057, 1, TRUE, TRUE, TRUE, TRUE, TRUE, '지하 1층에는 장애인 화장실이 없습니다.');
INSERT INTO building (id, name, number, lat, lng, map_id, wheel, toilet, elevator, dots, floorplan, caution) VALUES (23, '셔틀콕 옆 건물', '306', 37.29868342662439, 126.83819508506697, 1, TRUE, TRUE, FALSE, FALSE, FALSE, '입구 왼쪽의 경사로로 출입이 가능합니다.');
INSERT INTO building (id, name, number, lat, lng, map_id, wheel, toilet, elevator, dots, floorplan, caution) VALUES (24, 'ERICA컨벤션센터', '307', 37.29800365085161, 126.83856591659219, 1, TRUE, TRUE, TRUE, TRUE, FALSE, '장애인 화장실은 1층에만 있습니다.');
INSERT INTO building (id, name, number, lat, lng, map_id, wheel, toilet, elevator, dots, floorplan, caution) VALUES (25, '창업보육센터', '308', 37.29567714611954, 126.83722877176577, 1, TRUE, TRUE, TRUE, FALSE, TRUE, '장애인 화장실은 1층에만 있습니다.');
INSERT INTO building (id, name, number, lat, lng, map_id, wheel, toilet, elevator, dots, floorplan, caution) VALUES (26, '약학대학', '309', 37.296409898047564, 126.83770934451195, 1, TRUE, TRUE, TRUE, TRUE, TRUE, '장애인 화장실은 1층에만 있습니다.');
INSERT INTO building (id, name, number, lat, lng, map_id, wheel, toilet, elevator, dots, floorplan, caution) VALUES (27, '학연산클러스터지원센터', '311', 37.29636197441728, 126.83890495713604, 1, TRUE, TRUE, TRUE, TRUE, TRUE, '');
INSERT INTO building (id, name, number, lat, lng, map_id, wheel, toilet, elevator, dots, floorplan, caution) VALUES (28, '라이언스홀 (Lion''s Hall)', '316', 37.29585812722627, 126.8411137623597, 1, TRUE, TRUE, FALSE, TRUE, TRUE, '');
INSERT INTO building (id, name, number, lat, lng, map_id, wheel, toilet, elevator, dots, floorplan, caution) VALUES (29, '학술정보관 (도서관)', '401', 37.29684790553162, 126.83517638803356, 1, TRUE, TRUE, TRUE, TRUE, TRUE, '1층 남자화장실에만 장애인 화장실이 있습니다.');
INSERT INTO building (id, name, number, lat, lng, map_id, wheel, toilet, elevator, dots, floorplan, caution) VALUES (30, '예체능대학 (체육관)', '402', 37.296379506469854, 126.83366610508483, 1, TRUE, FALSE, FALSE, FALSE, TRUE, '본 건물과 뮤즈홀 사이에 경사로가 있습니다.');
INSERT INTO building (id, name, number, lat, lng, map_id, wheel, toilet, elevator, dots, floorplan, caution) VALUES (31, '뮤즈홀 (실용음악관)', '403', 37.29600438583241, 126.83282105562597, 1, TRUE, TRUE, FALSE, TRUE, TRUE, '장애인 화장실은 1층에만 있습니다.');
INSERT INTO building (id, name, number, lat, lng, map_id, wheel, toilet, elevator, dots, floorplan, caution) VALUES (32, '창의관 (기숙사)', '501', 37.29139595927094, 126.83631322785831, 1, TRUE, TRUE, TRUE, TRUE, TRUE, '');
INSERT INTO building (id, name, number, lat, lng, map_id, wheel, toilet, elevator, dots, floorplan, caution) VALUES (33, '인재관 (기숙사)', '502', 37.292531977418825, 126.83520272076568, 1, TRUE, TRUE, TRUE, TRUE, TRUE, '');
INSERT INTO building (id, name, number, lat, lng, map_id, wheel, toilet, elevator, dots, floorplan, caution) VALUES (34, '행복관 (기숙사)', '503', 37.292583547045524, 126.83665462872044, 1, TRUE, TRUE, TRUE, TRUE, TRUE, '');
INSERT INTO building (id, name, number, lat, lng, map_id, wheel, toilet, elevator, dots, floorplan, caution) VALUES (35, '창의인재원 교육관', '504', 37.29303204485333, 126.83682282748633, 1, TRUE, TRUE, TRUE, FALSE, FALSE, '');
INSERT INTO floor (id, floor_label, idx, plan_image_url, building_id) VALUES (1, '1F', 0, NULL, 2);
INSERT INTO floor (id, floor_label, idx, plan_image_url, building_id) VALUES (2, '2F', 1, NULL, 2);
INSERT INTO floor (id, floor_label, idx, plan_image_url, building_id) VALUES (3, '3F', 2, NULL, 2);
INSERT INTO floor (id, floor_label, idx, plan_image_url, building_id) VALUES (4, '4F', 3, NULL, 2);
INSERT INTO floor (id, floor_label, idx, plan_image_url, building_id) VALUES (5, '1F', 0, NULL, 3);
INSERT INTO floor (id, floor_label, idx, plan_image_url, building_id) VALUES (6, '2F', 1, NULL, 3);
INSERT INTO floor (id, floor_label, idx, plan_image_url, building_id) VALUES (7, '3F', 2, NULL, 3);
INSERT INTO floor (id, floor_label, idx, plan_image_url, building_id) VALUES (8, '4F', 3, NULL, 3);
INSERT INTO floor (id, floor_label, idx, plan_image_url, building_id) VALUES (9, '5F', 4, NULL, 3);
INSERT INTO floor (id, floor_label, idx, plan_image_url, building_id) VALUES (10, '1F', 0, NULL, 4);
INSERT INTO floor (id, floor_label, idx, plan_image_url, building_id) VALUES (11, '2F', 1, NULL, 4);
INSERT INTO floor (id, floor_label, idx, plan_image_url, building_id) VALUES (12, '3F', 2, NULL, 4);
INSERT INTO floor (id, floor_label, idx, plan_image_url, building_id) VALUES (13, '4F', 3, NULL, 4);
INSERT INTO floor (id, floor_label, idx, plan_image_url, building_id) VALUES (14, '5F', 4, NULL, 4);
INSERT INTO floor (id, floor_label, idx, plan_image_url, building_id) VALUES (15, '1F', 0, NULL, 6);
INSERT INTO floor (id, floor_label, idx, plan_image_url, building_id) VALUES (16, '1F', 0, NULL, 7);
INSERT INTO floor (id, floor_label, idx, plan_image_url, building_id) VALUES (17, '2F', 1, NULL, 7);
INSERT INTO floor (id, floor_label, idx, plan_image_url, building_id) VALUES (18, '3F', 2, NULL, 7);
INSERT INTO floor (id, floor_label, idx, plan_image_url, building_id) VALUES (19, '4F', 3, NULL, 7);
INSERT INTO floor (id, floor_label, idx, plan_image_url, building_id) VALUES (20, '1F', 0, NULL, 8);
INSERT INTO floor (id, floor_label, idx, plan_image_url, building_id) VALUES (21, '2F', 1, NULL, 8);
INSERT INTO floor (id, floor_label, idx, plan_image_url, building_id) VALUES (22, '3F', 2, NULL, 8);
INSERT INTO floor (id, floor_label, idx, plan_image_url, building_id) VALUES (23, '1F', 0, NULL, 9);
INSERT INTO floor (id, floor_label, idx, plan_image_url, building_id) VALUES (24, '2F', 1, NULL, 9);
INSERT INTO floor (id, floor_label, idx, plan_image_url, building_id) VALUES (25, '3F', 2, NULL, 9);
INSERT INTO floor (id, floor_label, idx, plan_image_url, building_id) VALUES (26, '4F', 3, NULL, 9);
INSERT INTO floor (id, floor_label, idx, plan_image_url, building_id) VALUES (27, '5F', 4, NULL, 9);
INSERT INTO floor (id, floor_label, idx, plan_image_url, building_id) VALUES (28, '1F', 0, NULL, 10);
INSERT INTO floor (id, floor_label, idx, plan_image_url, building_id) VALUES (29, '2F', 1, NULL, 10);
INSERT INTO floor (id, floor_label, idx, plan_image_url, building_id) VALUES (30, '3F', 2, NULL, 10);
INSERT INTO floor (id, floor_label, idx, plan_image_url, building_id) VALUES (31, '4F', 3, NULL, 10);
INSERT INTO floor (id, floor_label, idx, plan_image_url, building_id) VALUES (32, '5F', 4, NULL, 10);
INSERT INTO floor (id, floor_label, idx, plan_image_url, building_id) VALUES (33, '1F', 0, NULL, 11);
INSERT INTO floor (id, floor_label, idx, plan_image_url, building_id) VALUES (34, '2F', 1, NULL, 11);
INSERT INTO floor (id, floor_label, idx, plan_image_url, building_id) VALUES (35, '3F', 2, NULL, 11);
INSERT INTO floor (id, floor_label, idx, plan_image_url, building_id) VALUES (36, '4F', 3, NULL, 11);
INSERT INTO floor (id, floor_label, idx, plan_image_url, building_id) VALUES (37, 'B1', 0, NULL, 12);
INSERT INTO floor (id, floor_label, idx, plan_image_url, building_id) VALUES (38, '1F', 1, NULL, 12);
INSERT INTO floor (id, floor_label, idx, plan_image_url, building_id) VALUES (39, '2F', 2, NULL, 12);
INSERT INTO floor (id, floor_label, idx, plan_image_url, building_id) VALUES (40, '3F', 3, NULL, 12);
INSERT INTO floor (id, floor_label, idx, plan_image_url, building_id) VALUES (41, '4F', 4, NULL, 12);
INSERT INTO floor (id, floor_label, idx, plan_image_url, building_id) VALUES (42, 'B1', 0, NULL, 13);
INSERT INTO floor (id, floor_label, idx, plan_image_url, building_id) VALUES (43, '1F', 1, NULL, 13);
INSERT INTO floor (id, floor_label, idx, plan_image_url, building_id) VALUES (44, '2F', 2, NULL, 13);
INSERT INTO floor (id, floor_label, idx, plan_image_url, building_id) VALUES (45, '3F', 3, NULL, 13);
INSERT INTO floor (id, floor_label, idx, plan_image_url, building_id) VALUES (46, '4F', 4, NULL, 13);
INSERT INTO floor (id, floor_label, idx, plan_image_url, building_id) VALUES (47, '5F', 5, NULL, 13);
INSERT INTO floor (id, floor_label, idx, plan_image_url, building_id) VALUES (48, 'B1', 0, NULL, 14);
INSERT INTO floor (id, floor_label, idx, plan_image_url, building_id) VALUES (49, '1F', 1, NULL, 14);
INSERT INTO floor (id, floor_label, idx, plan_image_url, building_id) VALUES (50, '2F', 2, NULL, 14);
INSERT INTO floor (id, floor_label, idx, plan_image_url, building_id) VALUES (51, '3F', 3, NULL, 14);
INSERT INTO floor (id, floor_label, idx, plan_image_url, building_id) VALUES (52, '3MF', 4, NULL, 14);
INSERT INTO floor (id, floor_label, idx, plan_image_url, building_id) VALUES (53, '4F', 5, NULL, 14);
INSERT INTO floor (id, floor_label, idx, plan_image_url, building_id) VALUES (54, '5F', 6, NULL, 14);
INSERT INTO floor (id, floor_label, idx, plan_image_url, building_id) VALUES (55, 'B2', 0, NULL, 15);
INSERT INTO floor (id, floor_label, idx, plan_image_url, building_id) VALUES (56, 'B1', 1, NULL, 15);
INSERT INTO floor (id, floor_label, idx, plan_image_url, building_id) VALUES (57, '1F', 2, NULL, 15);
INSERT INTO floor (id, floor_label, idx, plan_image_url, building_id) VALUES (58, '2F', 3, NULL, 15);
INSERT INTO floor (id, floor_label, idx, plan_image_url, building_id) VALUES (59, '3F', 4, NULL, 15);
INSERT INTO floor (id, floor_label, idx, plan_image_url, building_id) VALUES (60, '4F', 5, NULL, 15);
INSERT INTO floor (id, floor_label, idx, plan_image_url, building_id) VALUES (61, '5F', 6, NULL, 15);
INSERT INTO floor (id, floor_label, idx, plan_image_url, building_id) VALUES (62, '1F', 0, NULL, 16);
INSERT INTO floor (id, floor_label, idx, plan_image_url, building_id) VALUES (63, '2F', 1, NULL, 16);
INSERT INTO floor (id, floor_label, idx, plan_image_url, building_id) VALUES (64, '3F', 2, NULL, 16);
INSERT INTO floor (id, floor_label, idx, plan_image_url, building_id) VALUES (65, '4F', 3, NULL, 16);
INSERT INTO floor (id, floor_label, idx, plan_image_url, building_id) VALUES (66, '1F', 0, NULL, 17);
INSERT INTO floor (id, floor_label, idx, plan_image_url, building_id) VALUES (67, '2F', 1, NULL, 17);
INSERT INTO floor (id, floor_label, idx, plan_image_url, building_id) VALUES (68, '3F', 2, NULL, 17);
INSERT INTO floor (id, floor_label, idx, plan_image_url, building_id) VALUES (69, '1F', 0, NULL, 18);
INSERT INTO floor (id, floor_label, idx, plan_image_url, building_id) VALUES (70, '2F', 1, NULL, 18);
INSERT INTO floor (id, floor_label, idx, plan_image_url, building_id) VALUES (71, '3F', 2, NULL, 18);
INSERT INTO floor (id, floor_label, idx, plan_image_url, building_id) VALUES (72, '4F', 3, NULL, 18);
INSERT INTO floor (id, floor_label, idx, plan_image_url, building_id) VALUES (73, 'B1', 0, NULL, 20);
INSERT INTO floor (id, floor_label, idx, plan_image_url, building_id) VALUES (74, '1F', 1, NULL, 20);
INSERT INTO floor (id, floor_label, idx, plan_image_url, building_id) VALUES (75, '2F', 2, NULL, 20);
INSERT INTO floor (id, floor_label, idx, plan_image_url, building_id) VALUES (76, '3F', 3, NULL, 20);
INSERT INTO floor (id, floor_label, idx, plan_image_url, building_id) VALUES (77, '4F', 4, NULL, 20);
INSERT INTO floor (id, floor_label, idx, plan_image_url, building_id) VALUES (78, '5F', 5, NULL, 20);
INSERT INTO floor (id, floor_label, idx, plan_image_url, building_id) VALUES (79, 'B1', 0, NULL, 21);
INSERT INTO floor (id, floor_label, idx, plan_image_url, building_id) VALUES (80, '1F', 1, NULL, 21);
INSERT INTO floor (id, floor_label, idx, plan_image_url, building_id) VALUES (81, '2F', 2, NULL, 21);
INSERT INTO floor (id, floor_label, idx, plan_image_url, building_id) VALUES (82, '3F', 3, NULL, 21);
INSERT INTO floor (id, floor_label, idx, plan_image_url, building_id) VALUES (83, '4F', 4, NULL, 21);
INSERT INTO floor (id, floor_label, idx, plan_image_url, building_id) VALUES (84, '5F', 5, NULL, 21);
INSERT INTO floor (id, floor_label, idx, plan_image_url, building_id) VALUES (85, 'B1', 0, NULL, 22);
INSERT INTO floor (id, floor_label, idx, plan_image_url, building_id) VALUES (86, '1F', 1, NULL, 22);
INSERT INTO floor (id, floor_label, idx, plan_image_url, building_id) VALUES (87, '2F', 2, NULL, 22);
INSERT INTO floor (id, floor_label, idx, plan_image_url, building_id) VALUES (88, '3F', 3, NULL, 22);
INSERT INTO floor (id, floor_label, idx, plan_image_url, building_id) VALUES (89, '4F', 4, NULL, 22);
INSERT INTO floor (id, floor_label, idx, plan_image_url, building_id) VALUES (90, '5F', 5, NULL, 22);
INSERT INTO floor (id, floor_label, idx, plan_image_url, building_id) VALUES (91, 'B1', 0, NULL, 25);
INSERT INTO floor (id, floor_label, idx, plan_image_url, building_id) VALUES (92, '1F', 1, NULL, 25);
INSERT INTO floor (id, floor_label, idx, plan_image_url, building_id) VALUES (93, '2F', 2, NULL, 25);
INSERT INTO floor (id, floor_label, idx, plan_image_url, building_id) VALUES (94, '3F', 3, NULL, 25);
INSERT INTO floor (id, floor_label, idx, plan_image_url, building_id) VALUES (95, '4F', 4, NULL, 25);
INSERT INTO floor (id, floor_label, idx, plan_image_url, building_id) VALUES (96, '5F', 5, NULL, 25);
INSERT INTO floor (id, floor_label, idx, plan_image_url, building_id) VALUES (97, '6F', 6, NULL, 25);
INSERT INTO floor (id, floor_label, idx, plan_image_url, building_id) VALUES (98, 'B1', 0, NULL, 26);
INSERT INTO floor (id, floor_label, idx, plan_image_url, building_id) VALUES (99, '1F', 1, NULL, 26);
INSERT INTO floor (id, floor_label, idx, plan_image_url, building_id) VALUES (100, '2F', 2, NULL, 26);
INSERT INTO floor (id, floor_label, idx, plan_image_url, building_id) VALUES (101, '3F', 3, NULL, 26);
INSERT INTO floor (id, floor_label, idx, plan_image_url, building_id) VALUES (102, '4F', 4, NULL, 26);
INSERT INTO floor (id, floor_label, idx, plan_image_url, building_id) VALUES (103, 'B1', 0, NULL, 27);
INSERT INTO floor (id, floor_label, idx, plan_image_url, building_id) VALUES (104, '1F', 1, NULL, 27);
INSERT INTO floor (id, floor_label, idx, plan_image_url, building_id) VALUES (105, '2F', 2, NULL, 27);
INSERT INTO floor (id, floor_label, idx, plan_image_url, building_id) VALUES (106, '3F', 3, NULL, 27);
INSERT INTO floor (id, floor_label, idx, plan_image_url, building_id) VALUES (107, '4F', 4, NULL, 27);
INSERT INTO floor (id, floor_label, idx, plan_image_url, building_id) VALUES (108, '5F', 5, NULL, 27);
INSERT INTO floor (id, floor_label, idx, plan_image_url, building_id) VALUES (109, '6F', 6, NULL, 27);
INSERT INTO floor (id, floor_label, idx, plan_image_url, building_id) VALUES (110, '1F', 0, NULL, 28);
INSERT INTO floor (id, floor_label, idx, plan_image_url, building_id) VALUES (111, '2F', 1, NULL, 28);
INSERT INTO floor (id, floor_label, idx, plan_image_url, building_id) VALUES (112, '1F', 0, NULL, 29);
INSERT INTO floor (id, floor_label, idx, plan_image_url, building_id) VALUES (113, '2F', 1, NULL, 29);
INSERT INTO floor (id, floor_label, idx, plan_image_url, building_id) VALUES (114, '3F', 2, NULL, 29);
INSERT INTO floor (id, floor_label, idx, plan_image_url, building_id) VALUES (115, '4F', 3, NULL, 29);
INSERT INTO floor (id, floor_label, idx, plan_image_url, building_id) VALUES (116, '1F', 0, NULL, 30);
INSERT INTO floor (id, floor_label, idx, plan_image_url, building_id) VALUES (117, '2F', 1, NULL, 30);
INSERT INTO floor (id, floor_label, idx, plan_image_url, building_id) VALUES (118, '3F', 2, NULL, 30);
INSERT INTO floor (id, floor_label, idx, plan_image_url, building_id) VALUES (119, '1F', 0, NULL, 31);
INSERT INTO floor (id, floor_label, idx, plan_image_url, building_id) VALUES (120, '2F', 1, NULL, 31);
INSERT INTO floor (id, floor_label, idx, plan_image_url, building_id) VALUES (121, '3F', 2, NULL, 31);
INSERT INTO floor (id, floor_label, idx, plan_image_url, building_id) VALUES (122, 'B1', 0, NULL, 32);
INSERT INTO floor (id, floor_label, idx, plan_image_url, building_id) VALUES (123, '1F', 1, NULL, 32);
INSERT INTO floor (id, floor_label, idx, plan_image_url, building_id) VALUES (124, '2F', 2, NULL, 32);
INSERT INTO floor (id, floor_label, idx, plan_image_url, building_id) VALUES (125, '3F', 3, NULL, 32);
INSERT INTO floor (id, floor_label, idx, plan_image_url, building_id) VALUES (126, '1F', 0, NULL, 33);
INSERT INTO floor (id, floor_label, idx, plan_image_url, building_id) VALUES (127, '2F', 1, NULL, 33);
INSERT INTO floor (id, floor_label, idx, plan_image_url, building_id) VALUES (128, '3F', 2, NULL, 33);
INSERT INTO floor (id, floor_label, idx, plan_image_url, building_id) VALUES (129, '1F', 0, NULL, 34);
INSERT INTO floor (id, floor_label, idx, plan_image_url, building_id) VALUES (130, '2F', 1, NULL, 34);
INSERT INTO floor (id, floor_label, idx, plan_image_url, building_id) VALUES (131, '3F', 2, NULL, 34);
INSERT INTO point (id, lat, lng, memo, type, map_id) VALUES (1, 37.3003040337446, 126.83727801591303, '아고라 홍보관', 'ramp', 1);
INSERT INTO point (id, lat, lng, memo, type, map_id) VALUES (2, 37.29902786948328, 126.83318092474559, '본관', 'ramp', 1);
INSERT INTO point (id, lat, lng, memo, type, map_id) VALUES (3, 37.29801823353328, 126.83444636212754, '학생복지관', 'ramp', 1);
INSERT INTO point (id, lat, lng, memo, type, map_id) VALUES (4, 37.297496146398146, 126.83481405961977, '학생회관', 'ramp', 1);
INSERT INTO point (id, lat, lng, memo, type, map_id) VALUES (5, 37.297013463533645, 126.83276243000171, '건축디자인관', 'ramp', 1);
INSERT INTO point (id, lat, lng, memo, type, map_id) VALUES (6, 37.29684064414487, 126.83161804854504, '디자인문화관', 'ramp', 1);
INSERT INTO point (id, lat, lng, memo, type, map_id) VALUES (7, 37.297029355162685, 126.8312623554136, '디자인교육관', 'ramp', 1);
INSERT INTO point (id, lat, lng, memo, type, map_id) VALUES (8, 37.29738189703901, 126.83206234456621, '디자인연구관', 'ramp', 1);
INSERT INTO point (id, lat, lng, memo, type, map_id) VALUES (9, 37.299876497421025, 126.835976221991, '경상관', 'ramp', 1);
INSERT INTO point (id, lat, lng, memo, type, map_id) VALUES (10, 37.29958034372007, 126.83520990172566, '국제문화관', 'ramp', 1);
INSERT INTO point (id, lat, lng, memo, type, map_id) VALUES (11, 37.2999756726293, 126.83440259558338, '사회교육관/학군단', 'ramp', 1);
INSERT INTO point (id, lat, lng, memo, type, map_id) VALUES (12, 37.30035053442978, 126.83507005376936, '언론정보관', 'ramp', 1);
INSERT INTO point (id, lat, lng, memo, type, map_id) VALUES (13, 37.29884259713409, 126.83600384433757, '제1과학기술관', 'ramp', 1);
INSERT INTO point (id, lat, lng, memo, type, map_id) VALUES (14, 37.29908027576492, 126.83684077910677, '컨퍼런스홀', 'ramp', 1);
INSERT INTO point (id, lat, lng, memo, type, map_id) VALUES (15, 37.29869117284439, 126.83727303141559, '제2과학기술관', 'ramp', 1);
INSERT INTO point (id, lat, lng, memo, type, map_id) VALUES (16, 37.298529917465736, 126.83631468790092, 'HY-IPT 맞춤의약연구원', 'ramp', 1);
INSERT INTO point (id, lat, lng, memo, type, map_id) VALUES (17, 37.29829501621543, 126.83585841032942, '제1학술관', 'ramp', 1);
INSERT INTO point (id, lat, lng, memo, type, map_id) VALUES (18, 37.297706968333955, 126.83740203582373, '제1공학관', 'ramp', 1);
INSERT INTO point (id, lat, lng, memo, type, map_id) VALUES (19, 37.297178260403186, 126.83301583172646, '제2공학관', 'ramp', 1);
INSERT INTO point (id, lat, lng, memo, type, map_id) VALUES (20, 37.29752991474457, 126.83642118158264, '제3공학관', 'ramp', 1);
INSERT INTO point (id, lat, lng, memo, type, map_id) VALUES (21, 37.296759445412775, 126.8363608185112, '제4공학관', 'ramp', 1);
INSERT INTO point (id, lat, lng, memo, type, map_id) VALUES (22, 37.296733503306996, 126.83715036609057, '제5공학관', 'ramp', 1);
INSERT INTO point (id, lat, lng, memo, type, map_id) VALUES (23, 37.29868342662439, 126.83819508506697, '셔틀콕 옆 건물', 'ramp', 1);
INSERT INTO point (id, lat, lng, memo, type, map_id) VALUES (24, 37.29800365085161, 126.83856591659219, 'ERICA컨벤션센터', 'ramp', 1);
INSERT INTO point (id, lat, lng, memo, type, map_id) VALUES (25, 37.29567714611954, 126.83722877176577, '창업보육센터', 'ramp', 1);
INSERT INTO point (id, lat, lng, memo, type, map_id) VALUES (26, 37.296409898047564, 126.83770934451195, '약학대학', 'ramp', 1);
INSERT INTO point (id, lat, lng, memo, type, map_id) VALUES (27, 37.29636197441728, 126.83890495713604, '학연산클러스터지원센터', 'ramp', 1);
INSERT INTO point (id, lat, lng, memo, type, map_id) VALUES (28, 37.29585812722627, 126.8411137623597, '라이언스홀 (Lion''s Hall)', 'ramp', 1);
INSERT INTO point (id, lat, lng, memo, type, map_id) VALUES (29, 37.29684790553162, 126.83517638803356, '학술정보관 (도서관)', 'ramp', 1);
INSERT INTO point (id, lat, lng, memo, type, map_id) VALUES (30, 37.296379506469854, 126.83366610508483, '예체능대학 (체육관)', 'ramp', 1);
INSERT INTO point (id, lat, lng, memo, type, map_id) VALUES (31, 37.29600438583241, 126.83282105562597, '뮤즈홀 (실용음악관)', 'ramp', 1);
INSERT INTO point (id, lat, lng, memo, type, map_id) VALUES (32, 37.29139595927094, 126.83631322785831, '창의관 (기숙사)', 'ramp', 1);
INSERT INTO point (id, lat, lng, memo, type, map_id) VALUES (33, 37.292531977418825, 126.83520272076568, '인재관 (기숙사)', 'ramp', 1);
INSERT INTO point (id, lat, lng, memo, type, map_id) VALUES (34, 37.292583547045524, 126.83665462872044, '행복관 (기숙사)', 'ramp', 1);
INSERT INTO point (id, lat, lng, memo, type, map_id) VALUES (35, 37.29303204485333, 126.83682282748633, '창의인재원 교육관', 'ramp', 1);
INSERT INTO point (id, lat, lng, memo, type, map_id) VALUES (36, 37.29939928882698, 126.83785800590576, '제1주차장', 'parking', 1);
INSERT INTO point (id, lat, lng, memo, type, map_id) VALUES (37, 37.29757963377262, 126.83817771193193, '제2주차장', 'parking', 1);
INSERT INTO point (id, lat, lng, memo, type, map_id) VALUES (38, 37.29608903990252, 126.83536131700423, '제3주차장', 'parking', 1);
INSERT INTO point (id, lat, lng, memo, type, map_id) VALUES (39, 37.29958786127015, 126.83414121199365, '제4주차장', 'parking', 1);
INSERT INTO point (id, lat, lng, memo, type, map_id) VALUES (40, 37.30098052536594, 126.8345442007746, '제5주차장', 'parking', 1);
INSERT INTO point (id, lat, lng, memo, type, map_id) VALUES (41, 37.29447067337153, 126.83144570072926, '제6주차장', 'parking', 1);
INSERT INTO point (id, lat, lng, memo, type, map_id) VALUES (42, 37.29657171550388, 126.84243747640944, '제7주차장', 'parking', 1);
INSERT INTO point (id, lat, lng, memo, type, map_id) VALUES (43, 37.296209727145296, 126.8412596416726, '라이언스홀', 'parking', 1);
INSERT INTO point (id, lat, lng, memo, type, map_id) VALUES (44, 37.295736433375076, 126.83775308495197, '창업보육센터', 'parking', 1);
INSERT INTO point (id, lat, lng, memo, type, map_id) VALUES (45, 37.29644547365383, 126.83252402135068, '실험동', 'parking', 1);
INSERT INTO point (id, lat, lng, memo, type, map_id) VALUES (46, 37.29319370562554, 126.83644184853115, '행복관', 'parking', 1);
INSERT INTO point (id, lat, lng, memo, type, map_id) VALUES (47, 37.29190602018023, 126.83701980023673, '창의관', 'parking', 1);
INSERT INTO point (id, lat, lng, memo, type, map_id) VALUES (48, 37.297841787655436, 126.83880311341079, '컨벤션센터', 'parking', 1);
INSERT INTO point (id, lat, lng, memo, type, map_id) VALUES (49, 37.298055066534005, 126.83663715828247, '1공앞', 'parking', 1);
INSERT INTO point (id, lat, lng, memo, type, map_id) VALUES (50, 37.298711667864445, 126.83258666937625, '본관', 'parking', 1);
INSERT INTO point (id, lat, lng, memo, type, map_id) VALUES (51, 37.29647498242867, 126.83109723719475, '디대', 'parking', 1);

ALTER TABLE member ALTER COLUMN id RESTART WITH 2;
ALTER TABLE barrier_free_map ALTER COLUMN id RESTART WITH 2;
ALTER TABLE building ALTER COLUMN id RESTART WITH 36;
ALTER TABLE floor ALTER COLUMN id RESTART WITH 132;
ALTER TABLE point ALTER COLUMN id RESTART WITH 52;

